<?xml version="1.0" encoding="UTF-8"?>
<project-private xmlns="http://www.netbeans.org/ns/project-private/1">
    <editor-bookmarks xmlns="http://www.netbeans.org/ns/editor-bookmarks/2" lastBookmarkId="0"/>
    <open-files xmlns="http://www.netbeans.org/ns/projectui-open-files/2">
        <group>
            <file>file:/C:/Users/Hp/OneDrive/Documents/NetBeansProjects/JavaApplication5/src/javaapplication5/Main.java</file>
            <file>file:/C:/Users/Hp/OneDrive/Documents/NetBeansProjects/JavaApplication5/src/javaapplication5/Home.java</file>
            <file>file:/C:/Users/Hp/OneDrive/Documents/NetBeansProjects/JavaApplication5/src/javaapplication5/Food.java</file>
            <file>file:/C:/Users/Hp/OneDrive/Documents/NetBeansProjects/JavaApplication5/src/javaapplication5/Register.java</file>
            <file>file:/C:/Users/Hp/OneDrive/Documents/NetBeansProjects/JavaApplication5/src/javaapplication5/Cafe.java</file>
            <file>file:/C:/Users/Hp/OneDrive/Documents/NetBeansProjects/JavaApplication5/src/javaapplication5/CafeOwner.java</file>
            <file>file:/C:/Users/Hp/OneDrive/Documents/NetBeansProjects/JavaApplication5/src/javaapplication5/Orderlist.java</file>
            <file>file:/C:/Users/Hp/OneDrive/Documents/NetBeansProjects/JavaApplication5/src/javaapplication5/JavaApplication5.java</file>
        </group>
    </open-files>
</project-private>
